Bias,Capacity_1K,Conductivity_1K,Capacity_10K,Conductivity_10K,Capacity_100K,Conductivity_100K,Capacity_1M,Conductivity_1M
-3.00000e+00,-1.162985e-09,6.664111e-04,9.082683e-11,7.138103e-04,1.629447e-11,7.182885e-04,1.096644e-11,7.483619e-04
-2.98500e+00,-6.296361e-11,6.748637e-04,1.049422e-10,7.024511e-04,1.514389e-11,7.117564e-04,1.098541e-11,7.472359e-04
-2.97000e+00,-2.561141e-10,6.868628e-04,1.274027e-10,7.023503e-04,1.138595e-11,7.153677e-04,1.101822e-11,7.475595e-04
-2.95500e+00,1.242310e-09,7.006992e-04,-1.475773e-11,7.050765e-04,1.689092e-11,7.154658e-04,1.089412e-11,7.490081e-04
-2.94000e+00,1.087212e-09,6.796785e-04,8.402096e-11,7.051956e-04,1.159767e-11,7.172982e-04,1.100027e-11,7.498562e-04
-2.92500e+00,-9.189298e-10,6.838634e-04,1.343108e-10,7.097562e-04,1.544976e-11,7.206075e-04,1.097929e-11,7.545191e-04
-2.91000e+00,-3.571361e-10,6.824773e-04,5.276793e-11,7.063919e-04,1.496782e-11,7.220769e-04,1.095608e-11,7.570049e-04
-2.89500e+00,3.503506e-10,6.967453e-04,7.563761e-11,7.114073e-04,1.574517e-11,7.266889e-04,1.095005e-11,7.590739e-04
-2.88000e+00,1.962158e-09,6.969261e-04,1.156171e-10,7.160337e-04,1.486185e-11,7.265146e-04,1.089102e-11,7.622814e-04
-2.86500e+00,3.743724e-11,7.115303e-04,-1.794618e-11,7.147071e-04,1.391118e-11,7.310846e-04,1.092472e-11,7.660877e-04
-2.85000e+00,-2.762166e-10,7.079287e-04,1.098587e-10,7.240711e-04,1.593695e-11,7.336873e-04,1.109975e-11,7.678079e-04
-2.83500e+00,-1.011760e-09,7.129452e-04,-8.096817e-13,7.315197e-04,1.617637e-11,7.323004e-04,1.087513e-11,7.712540e-04
-2.82000e+00,-9.940040e-10,7.012618e-04,-3.848941e-12,7.303040e-04,1.532050e-11,7.391463e-04,1.108237e-11,7.755474e-04
-2.80500e+00,-2.092753e-10,7.022842e-04,8.155300e-11,7.293579e-04,1.410698e-11,7.403746e-04,1.085092e-11,7.782818e-04
-2.79000e+00,3.564507e-10,7.116462e-04,3.626444e-11,7.392189e-04,1.594947e-11,7.440686e-04,1.100931e-11,7.832162e-04
-2.77500e+00,4.108338e-10,7.240244e-04,1.799569e-12,7.379773e-04,1.703137e-11,7.488110e-04,1.098543e-11,7.878519e-04
-2.76000e+00,1.075116e-09,7.300994e-04,8.970122e-12,7.439487e-04,1.324706e-11,7.517638e-04,1.092007e-11,7.903597e-04
-2.74500e+00,4.701115e-10,7.323588e-04,1.452873e-10,7.444019e-04,1.560355e-11,7.560168e-04,1.090886e-11,7.955491e-04
-2.73000e+00,-4.332640e-11,7.234966e-04,1.757250e-11,7.559988e-04,1.324199e-11,7.590920e-04,1.102160e-11,7.997390e-04
-2.71500e+00,-1.155240e-09,7.198579e-04,1.406218e-10,7.529896e-04,1.315871e-11,7.653442e-04,1.093512e-11,8.032320e-04
-2.70000e+00,-4.195154e-10,7.346158e-04,8.447689e-11,7.586208e-04,1.218282e-11,7.695975e-04,1.100965e-11,8.081458e-04
-2.68500e+00,3.307571e-10,7.389828e-04,7.157844e-11,7.571295e-04,1.640298e-11,7.735273e-04,1.110166e-11,8.118754e-04
-2.67000e+00,3.121416e-09,7.466392e-04,-1.094450e-11,7.664796e-04,1.280410e-11,7.785838e-04,1.089506e-11,8.187792e-04
-2.65500e+00,5.693607e-10,7.452144e-04,4.106932e-11,7.780986e-04,1.693670e-11,7.867101e-04,1.089028e-11,8.240333e-04
-2.64000e+00,2.223780e-09,7.579094e-04,2.068475e-11,7.763777e-04,1.548029e-11,7.904375e-04,1.099608e-11,8.285450e-04
-2.62500e+00,6.432518e-10,7.660725e-04,9.633944e-11,7.776376e-04,1.382846e-11,7.948833e-04,1.082759e-11,8.362599e-04
-2.61000e+00,-9.653820e-10,7.605209e-04,7.248581e-11,7.892815e-04,1.640678e-11,8.022892e-04,1.093655e-11,8.407985e-04
-2.59500e+00,-5.113172e-10,7.673827e-04,1.477483e-10,7.962603e-04,1.329838e-11,8.058483e-04,1.088326e-11,8.483724e-04
-2.58000e+00,2.211533e-12,7.710466e-04,2.113316e-11,7.976831e-04,1.624461e-11,8.144223e-04,1.082915e-11,8.547139e-04
-2.56500e+00,1.041362e-09,7.925656e-04,6.456131e-12,8.115894e-04,1.882275e-11,8.174937e-04,1.074360e-11,8.602098e-04
-2.55000e+00,3.484990e-09,7.846894e-04,6.751604e-11,8.122627e-04,1.340210e-11,8.256399e-04,1.084627e-11,8.686367e-04
-2.53500e+00,-2.960449e-10,7.835678e-04,9.903962e-11,8.196909e-04,1.260429e-11,8.334073e-04,1.085416e-11,8.769859e-04
-2.52000e+00,7.511800e-10,7.994082e-04,1.495565e-10,8.237416e-04,1.658939e-11,8.421699e-04,1.090012e-11,8.848575e-04
-2.50500e+00,2.076870e-10,8.051766e-04,7.568813e-11,8.384343e-04,1.531773e-11,8.473290e-04,1.099112e-11,8.923229e-04
-2.49000e+00,3.850665e-10,8.090869e-04,6.341147e-12,8.412888e-04,1.560489e-11,8.537313e-04,1.087009e-11,9.014335e-04
-2.47500e+00,1.021692e-09,8.248886e-04,-6.578618e-11,8.461064e-04,1.647235e-11,8.624721e-04,1.089143e-11,9.094172e-04
-2.46000e+00,7.565431e-10,8.299371e-04,6.609185e-11,8.572472e-04,1.748151e-11,8.721807e-04,1.082239e-11,9.203303e-04
-2.44500e+00,1.427208e-09,8.461860e-04,3.611953e-11,8.693594e-04,1.577935e-11,8.831053e-04,1.081155e-11,9.314193e-04
-2.43000e+00,1.039875e-09,8.337459e-04,1.096076e-10,8.733051e-04,1.412638e-11,8.907050e-04,1.079408e-11,9.412649e-04
-2.41500e+00,-1.187432e-09,8.470069e-04,2.535858e-11,8.822914e-04,1.531933e-11,9.020793e-04,1.103682e-11,9.517806e-04
-2.40000e+00,2.172454e-09,8.696904e-04,2.459686e-11,8.880958e-04,1.772868e-11,9.112207e-04,1.083544e-11,9.635247e-04
-2.38500e+00,3.301756e-09,8.591599e-04,5.448241e-11,9.009054e-04,1.766678e-11,9.228621e-04,1.077879e-11,9.756199e-04
-2.37000e+00,3.810550e-10,8.922556e-04,7.813802e-11,9.131592e-04,1.789395e-11,9.341427e-04,1.062415e-11,9.888317e-04
-2.35500e+00,1.691155e-09,8.926940e-04,3.396234e-11,9.282808e-04,1.612475e-11,9.453826e-04,1.071377e-11,1.001569e-03
-2.34000e+00,7.746582e-11,9.012177e-04,1.913186e-10,9.428497e-04,1.513858e-11,9.580365e-04,1.059394e-11,1.017153e-03
-2.32500e+00,7.809544e-10,9.156402e-04,-3.120056e-11,9.521675e-04,1.548014e-11,9.703972e-04,1.081064e-11,1.030151e-03
-2.31000e+00,3.292063e-10,9.218411e-04,7.594538e-11,9.655621e-04,1.440545e-11,9.860747e-04,1.047358e-11,1.046798e-03
-2.29500e+00,-9.920730e-10,9.384318e-04,8.557265e-11,9.739531e-04,1.941165e-11,1.000394e-03,1.064927e-11,1.061580e-03
-2.28000e+00,2.045371e-10,9.353580e-04,9.955323e-11,9.915122e-04,1.714667e-11,1.015272e-03,1.067142e-11,1.077657e-03
-2.26500e+00,-9.132409e-11,9.601613e-04,1.579331e-11,1.004399e-03,1.733183e-11,1.027498e-03,1.064508e-11,1.092941e-03
-2.25000e+00,1.010083e-09,9.900511e-04,1.291651e-10,1.020475e-03,1.685539e-11,1.044392e-03,1.058922e-11,1.111154e-03
-2.23500e+00,2.103723e-09,9.981069e-04,1.314411e-10,1.037291e-03,1.809914e-11,1.057530e-03,1.048777e-11,1.128280e-03
-2.22000e+00,7.007140e-10,1.007735e-03,4.193371e-11,1.051708e-03,1.861892e-11,1.077192e-03,1.032645e-11,1.145190e-03
-2.20500e+00,1.106220e-09,1.015450e-03,1.268396e-10,1.067018e-03,1.526464e-11,1.092995e-03,1.026303e-11,1.165198e-03
-2.19000e+00,1.934248e-09,1.048243e-03,1.070604e-10,1.081969e-03,1.944086e-11,1.111075e-03,1.040392e-11,1.182177e-03
-2.17500e+00,-1.315286e-09,1.054654e-03,8.962889e-11,1.108728e-03,1.924548e-11,1.127209e-03,1.020673e-11,1.201426e-03
-2.16000e+00,9.118956e-10,1.071817e-03,2.266334e-11,1.117573e-03,2.005119e-11,1.144783e-03,1.018428e-11,1.219591e-03
-2.14500e+00,3.207603e-09,1.087723e-03,7.368799e-11,1.138228e-03,1.972857e-11,1.162017e-03,1.000637e-11,1.239475e-03
-2.13000e+00,1.929922e-09,1.106111e-03,1.348913e-10,1.154592e-03,1.738107e-11,1.179959e-03,1.023123e-11,1.257900e-03
-2.11500e+00,1.514977e-09,1.124969e-03,9.605802e-11,1.166634e-03,1.686861e-11,1.198021e-03,1.006530e-11,1.277484e-03
-2.10000e+00,1.694333e-09,1.143351e-03,1.135698e-10,1.187325e-03,1.867503e-11,1.216811e-03,1.014301e-11,1.296371e-03
-2.08500e+00,5.067554e-10,1.156423e-03,1.720757e-10,1.207725e-03,2.207206e-11,1.235356e-03,1.002871e-11,1.316382e-03
-2.07000e+00,9.357743e-10,1.173681e-03,7.357752e-11,1.218181e-03,1.936754e-11,1.251619e-03,9.783228e-12,1.335010e-03
-2.05500e+00,3.394619e-10,1.191148e-03,1.738422e-10,1.240382e-03,1.864501e-11,1.270809e-03,1.008516e-11,1.354221e-03
-2.04000e+00,1.180141e-09,1.207223e-03,1.500841e-10,1.251675e-03,1.833825e-11,1.287106e-03,9.752567e-12,1.374040e-03
-2.02500e+00,2.265385e-09,1.216704e-03,1.023469e-10,1.275101e-03,1.909922e-11,1.305565e-03,9.697456e-12,1.392189e-03
-2.01000e+00,1.097121e-09,1.239599e-03,5.150843e-11,1.294167e-03,1.840140e-11,1.323267e-03,9.758547e-12,1.411741e-03
-1.99500e+00,1.562888e-09,1.264579e-03,1.136202e-10,1.305512e-03,2.004954e-11,1.341203e-03,9.690418e-12,1.431288e-03
-1.98000e+00,3.361990e-09,1.268233e-03,1.306863e-10,1.330683e-03,1.721457e-11,1.357881e-03,9.601518e-12,1.449350e-03
-1.96500e+00,8.357425e-10,1.292740e-03,1.163757e-10,1.341800e-03,2.127906e-11,1.374420e-03,9.719357e-12,1.467781e-03
-1.95000e+00,1.977646e-10,1.315456e-03,1.289785e-10,1.360547e-03,2.239622e-11,1.393016e-03,9.515421e-12,1.485966e-03
-1.93500e+00,2.318609e-09,1.332303e-03,1.161932e-10,1.381619e-03,2.033992e-11,1.411042e-03,9.618015e-12,1.504811e-03
-1.92000e+00,1.129054e-09,1.341788e-03,1.210390e-10,1.396703e-03,2.111475e-11,1.427847e-03,9.618288e-12,1.524927e-03
-1.90500e+00,2.078043e-09,1.356844e-03,1.186408e-10,1.414104e-03,1.984727e-11,1.443447e-03,9.817063e-12,1.542986e-03
-1.89000e+00,8.531403e-10,1.378416e-03,1.513147e-10,1.431571e-03,2.086734e-11,1.460714e-03,9.162810e-12,1.561744e-03
-1.87500e+00,6.968655e-10,1.387411e-03,1.820481e-10,1.444725e-03,2.181246e-11,1.477903e-03,9.104380e-12,1.579930e-03
-1.86000e+00,1.259397e-09,1.417888e-03,7.908403e-11,1.463614e-03,2.124233e-11,1.496225e-03,9.346004e-12,1.599086e-03
-1.84500e+00,7.005133e-10,1.420968e-03,1.440566e-10,1.479548e-03,2.251460e-11,1.513070e-03,9.416213e-12,1.615737e-03
-1.83000e+00,1.951976e-09,1.441124e-03,8.749450e-11,1.491728e-03,2.119360e-11,1.527800e-03,9.280926e-12,1.635804e-03
-1.81500e+00,5.859600e-10,1.462734e-03,1.745438e-10,1.514952e-03,2.203788e-11,1.543986e-03,9.493790e-12,1.652087e-03
-1.80000e+00,1.497450e-09,1.472695e-03,1.935271e-10,1.523387e-03,2.140807e-11,1.560225e-03,9.501678e-12,1.670482e-03
-1.78500e+00,2.013248e-09,1.484639e-03,1.055731e-10,1.541687e-03,2.052402e-11,1.577282e-03,9.442905e-12,1.686497e-03
-1.77000e+00,9.414197e-10,1.500071e-03,1.402134e-10,1.560663e-03,2.347533e-11,1.593634e-03,9.675078e-12,1.704470e-03
-1.75500e+00,1.456247e-10,1.516568e-03,1.273845e-10,1.573151e-03,2.462555e-11,1.607736e-03,9.827562e-12,1.720569e-03
-1.74000e+00,6.245822e-10,1.530115e-03,1.575606e-10,1.589094e-03,2.564563e-11,1.625258e-03,9.682085e-12,1.739432e-03
-1.72500e+00,1.084699e-09,1.547853e-03,1.316881e-10,1.603081e-03,2.351136e-11,1.639808e-03,9.729639e-12,1.756171e-03
-1.71000e+00,1.515857e-09,1.556478e-03,1.471113e-10,1.620468e-03,2.375180e-11,1.655409e-03,9.714234e-12,1.773419e-03
-1.69500e+00,2.937366e-10,1.581063e-03,1.839339e-10,1.633457e-03,2.587461e-11,1.669294e-03,1.005503e-11,1.789742e-03
-1.68000e+00,6.607226e-10,1.596143e-03,9.881700e-11,1.654581e-03,2.539946e-11,1.686742e-03,1.004954e-11,1.805930e-03
-1.66500e+00,1.291847e-09,1.612160e-03,5.334335e-11,1.666871e-03,2.332523e-11,1.700135e-03,1.008254e-11,1.823935e-03
-1.65000e+00,5.124713e-10,1.628457e-03,9.298604e-11,1.679553e-03,2.586720e-11,1.715028e-03,1.026470e-11,1.839212e-03
-1.63500e+00,1.195228e-09,1.638310e-03,1.158799e-10,1.698888e-03,2.714009e-11,1.729873e-03,1.038042e-11,1.853839e-03
-1.62000e+00,1.236616e-10,1.653213e-03,1.423188e-10,1.711479e-03,2.728273e-11,1.744702e-03,1.045066e-11,1.872916e-03
-1.60500e+00,2.182939e-09,1.673772e-03,2.620480e-10,1.724739e-03,2.891688e-11,1.758600e-03,1.050747e-11,1.891855e-03
-1.59000e+00,1.758442e-09,1.689360e-03,1.454120e-10,1.733496e-03,2.878356e-11,1.771202e-03,1.083280e-11,1.908678e-03
-1.57500e+00,4.332155e-10,1.688622e-03,2.012932e-10,1.749833e-03,2.839955e-11,1.785394e-03,1.109888e-11,1.925207e-03
-1.56000e+00,1.717604e-09,1.715516e-03,1.949139e-10,1.763319e-03,3.031208e-11,1.800020e-03,1.122532e-11,1.940333e-03
-1.54500e+00,5.200547e-10,1.722331e-03,1.606411e-10,1.777734e-03,3.112036e-11,1.812263e-03,1.172375e-11,1.956007e-03
-1.53000e+00,6.389582e-10,1.742583e-03,1.964419e-10,1.786859e-03,3.065064e-11,1.827013e-03,1.190178e-11,1.972187e-03
-1.51500e+00,1.714547e-09,1.748744e-03,2.102804e-10,1.803139e-03,2.991330e-11,1.838440e-03,1.212899e-11,1.987698e-03
-1.50000e+00,1.507050e-09,1.765922e-03,1.967287e-10,1.817632e-03,3.199313e-11,1.850582e-03,1.248244e-11,2.005045e-03
-1.48500e+00,7.545270e-10,1.773728e-03,2.524909e-10,1.832012e-03,3.308039e-11,1.863470e-03,1.283195e-11,2.019508e-03
-1.47000e+00,1.222696e-09,1.792115e-03,2.034532e-10,1.842325e-03,3.328685e-11,1.877465e-03,1.299246e-11,2.031733e-03
-1.45500e+00,1.504199e-09,1.806767e-03,1.839846e-10,1.853474e-03,3.457210e-11,1.888337e-03,1.347802e-11,2.045542e-03
-1.44000e+00,1.323350e-09,1.813904e-03,2.863721e-10,1.863267e-03,3.432385e-11,1.898716e-03,1.410449e-11,2.061271e-03
-1.42500e+00,8.107630e-10,1.827560e-03,2.288455e-10,1.872472e-03,3.965686e-11,1.909374e-03,1.443807e-11,2.075106e-03
-1.41000e+00,1.394369e-09,1.835660e-03,3.005902e-10,1.884592e-03,3.869387e-11,1.919555e-03,1.497814e-11,2.089999e-03
-1.39500e+00,1.076300e-09,1.847475e-03,1.695429e-10,1.896726e-03,4.162258e-11,1.929769e-03,1.529623e-11,2.100144e-03
-1.38000e+00,1.504265e-09,1.860025e-03,2.263365e-10,1.904312e-03,4.126777e-11,1.939415e-03,1.603920e-11,2.116399e-03
-1.36500e+00,1.945593e-09,1.869252e-03,2.558439e-10,1.912423e-03,4.203777e-11,1.947010e-03,1.661901e-11,2.127773e-03
-1.35000e+00,9.142768e-10,1.874062e-03,1.240165e-10,1.919393e-03,4.087275e-11,1.955087e-03,1.741295e-11,2.139769e-03
-1.33500e+00,1.286848e-09,1.886620e-03,1.900564e-10,1.926484e-03,4.553020e-11,1.961712e-03,1.807688e-11,2.151229e-03
-1.32000e+00,8.029282e-10,1.888392e-03,1.572022e-10,1.930261e-03,4.431345e-11,1.967134e-03,1.898954e-11,2.162480e-03
-1.30500e+00,1.371739e-09,1.895395e-03,2.656873e-10,1.937567e-03,4.900693e-11,1.973007e-03,1.979824e-11,2.172698e-03
-1.29000e+00,1.909184e-09,1.901989e-03,2.539841e-10,1.945672e-03,4.832858e-11,1.977913e-03,2.037779e-11,2.183791e-03
-1.27500e+00,9.957046e-10,1.913813e-03,2.205484e-10,1.943940e-03,5.201650e-11,1.982083e-03,2.171090e-11,2.195126e-03
-1.26000e+00,2.757937e-10,1.913411e-03,2.372746e-10,1.952184e-03,5.435430e-11,1.984238e-03,2.293435e-11,2.203427e-03
-1.24500e+00,5.063103e-10,1.919539e-03,2.270807e-10,1.947546e-03,5.651704e-11,1.984097e-03,2.385907e-11,2.210689e-03
-1.23000e+00,9.738146e-10,1.917043e-03,2.891187e-10,1.955845e-03,5.780759e-11,1.988257e-03,2.527691e-11,2.219201e-03
-1.21500e+00,4.512250e-10,1.916624e-03,2.301745e-10,1.951934e-03,6.181421e-11,1.989086e-03,2.616374e-11,2.228895e-03
-1.20000e+00,1.240656e-09,1.912822e-03,3.766082e-10,1.947702e-03,6.644966e-11,1.988252e-03,2.776739e-11,2.237747e-03
-1.18500e+00,1.334704e-09,1.915869e-03,2.892772e-10,1.946834e-03,7.120522e-11,1.984837e-03,2.900778e-11,2.244937e-03
-1.17000e+00,9.326359e-10,1.912075e-03,2.406096e-10,1.942179e-03,7.436436e-11,1.981965e-03,3.061262e-11,2.251714e-03
-1.15500e+00,6.997796e-10,1.908831e-03,3.902346e-10,1.934597e-03,7.572609e-11,1.977185e-03,3.249327e-11,2.259915e-03
-1.14000e+00,1.585329e-09,1.903137e-03,3.523326e-10,1.932593e-03,8.172339e-11,1.970706e-03,3.400388e-11,2.265464e-03
-1.12500e+00,1.070760e-09,1.899377e-03,3.668512e-10,1.923337e-03,8.613901e-11,1.963812e-03,3.593855e-11,2.270262e-03
-1.11000e+00,4.864472e-10,1.882425e-03,3.586723e-10,1.913352e-03,9.138185e-11,1.953141e-03,3.756234e-11,2.275096e-03
-1.09500e+00,8.077806e-10,1.874301e-03,4.308878e-10,1.901740e-03,9.791810e-11,1.943560e-03,3.983766e-11,2.282148e-03
-1.08000e+00,1.353701e-09,1.859915e-03,3.589515e-10,1.888962e-03,1.029177e-10,1.930035e-03,4.244604e-11,2.283697e-03
-1.06500e+00,5.373670e-10,1.845144e-03,3.878137e-10,1.867335e-03,1.089781e-10,1.914563e-03,4.456664e-11,2.288192e-03
-1.05000e+00,1.548488e-09,1.827903e-03,3.755982e-10,1.856227e-03,1.148658e-10,1.899461e-03,4.691251e-11,2.289710e-03
-1.03500e+00,1.563025e-09,1.807173e-03,4.090597e-10,1.830575e-03,1.231470e-10,1.879747e-03,4.963499e-11,2.292665e-03
-1.02000e+00,1.524490e-09,1.782485e-03,3.914395e-10,1.810688e-03,1.317538e-10,1.857543e-03,5.240531e-11,2.291901e-03
-1.00500e+00,1.114335e-09,1.759835e-03,5.227366e-10,1.782578e-03,1.388046e-10,1.833567e-03,5.508060e-11,2.294318e-03
-9.90000e-01,1.433332e-09,1.729484e-03,4.767733e-10,1.757097e-03,1.484839e-10,1.806844e-03,5.833583e-11,2.293680e-03
-9.75000e-01,1.323081e-09,1.702264e-03,4.750826e-10,1.724016e-03,1.590650e-10,1.777771e-03,6.151914e-11,2.297442e-03
-9.60000e-01,1.520282e-09,1.666466e-03,4.691196e-10,1.685870e-03,1.702813e-10,1.745749e-03,6.466327e-11,2.295878e-03
-9.45000e-01,1.077122e-09,1.628561e-03,5.197290e-10,1.650278e-03,1.842686e-10,1.709768e-03,6.772274e-11,2.297548e-03
-9.30000e-01,1.452118e-09,1.588586e-03,5.425098e-10,1.614620e-03,1.972742e-10,1.672421e-03,7.164584e-11,2.298570e-03
-9.15000e-01,1.714514e-09,1.546657e-03,5.467289e-10,1.570962e-03,2.135506e-10,1.630403e-03,7.555313e-11,2.294665e-03
-9.00000e-01,1.322157e-09,1.499761e-03,5.661257e-10,1.525240e-03,2.268870e-10,1.587880e-03,7.901371e-11,2.296794e-03
-8.85000e-01,1.640921e-09,1.450670e-03,6.144965e-10,1.474431e-03,2.456503e-10,1.541240e-03,8.251313e-11,2.297819e-03
-8.70000e-01,1.466661e-09,1.395411e-03,6.351790e-10,1.419033e-03,2.652132e-10,1.489460e-03,8.692961e-11,2.302553e-03
-8.55000e-01,1.991659e-09,1.341020e-03,6.789270e-10,1.367932e-03,2.842734e-10,1.439133e-03,9.045276e-11,2.304729e-03
-8.40000e-01,1.705603e-09,1.283878e-03,6.674440e-10,1.307769e-03,3.077895e-10,1.382128e-03,9.467004e-11,2.305532e-03
-8.25000e-01,1.719974e-09,1.220182e-03,6.838607e-10,1.243477e-03,3.313164e-10,1.325252e-03,9.854031e-11,2.309200e-03
-8.10000e-01,1.590162e-09,1.158622e-03,7.718697e-10,1.180992e-03,3.586774e-10,1.265548e-03,1.024140e-10,2.313030e-03
-7.95000e-01,1.873530e-09,1.091557e-03,8.241821e-10,1.120142e-03,3.853326e-10,1.201846e-03,1.064821e-10,2.317107e-03
-7.80000e-01,1.458238e-09,1.026372e-03,7.833277e-10,1.050052e-03,4.137591e-10,1.137796e-03,1.096852e-10,2.324805e-03
-7.65000e-01,1.932827e-09,9.563179e-04,8.283582e-10,9.802312e-04,4.434396e-10,1.072597e-03,1.140949e-10,2.330869e-03
-7.50000e-01,1.919242e-09,8.882702e-04,8.384114e-10,9.128531e-04,4.759934e-10,1.006235e-03,1.179260e-10,2.336420e-03
-7.35000e-01,1.695950e-09,8.202137e-04,9.146566e-10,8.414101e-04,5.074660e-10,9.405221e-04,1.213257e-10,2.344443e-03
-7.20000e-01,1.605577e-09,7.544281e-04,8.808953e-10,7.755494e-04,5.384778e-10,8.773944e-04,1.248946e-10,2.352070e-03
-7.05000e-01,2.028356e-09,6.886431e-04,9.018991e-10,7.099650e-04,5.707749e-10,8.123075e-04,1.280323e-10,2.357476e-03
-6.90000e-01,1.740256e-09,6.252212e-04,9.208642e-10,6.452467e-04,6.009070e-10,7.522117e-04,1.313458e-10,2.363388e-03
-6.75000e-01,1.682001e-09,5.666298e-04,9.271912e-10,5.854831e-04,6.305112e-10,6.936440e-04,1.339692e-10,2.369750e-03
-6.60000e-01,1.582986e-09,5.082270e-04,9.392437e-10,5.284237e-04,6.580100e-10,6.395312e-04,1.373436e-10,2.377433e-03
-6.45000e-01,1.655562e-09,4.579071e-04,9.494414e-10,4.739392e-04,6.832783e-10,5.868433e-04,1.400687e-10,2.381475e-03
-6.30000e-01,1.585561e-09,4.091315e-04,9.529252e-10,4.228608e-04,7.078637e-10,5.385558e-04,1.420187e-10,2.382643e-03
-6.15000e-01,1.524106e-09,3.622252e-04,9.910852e-10,3.769488e-04,7.298512e-10,4.937106e-04,1.444743e-10,2.386000e-03
-6.00000e-01,1.620388e-09,3.212614e-04,9.631846e-10,3.341354e-04,7.501818e-10,4.529910e-04,1.467837e-10,2.387772e-03
-5.85000e-01,1.541285e-09,2.825986e-04,9.892247e-10,2.965501e-04,7.677590e-10,4.161645e-04,1.488227e-10,2.390295e-03
-5.70000e-01,1.337045e-09,2.508061e-04,9.506119e-10,2.597265e-04,7.849190e-10,3.798374e-04,1.508164e-10,2.391913e-03
-5.55000e-01,1.631534e-09,2.190924e-04,9.723017e-10,2.277839e-04,7.964375e-10,3.491021e-04,1.523429e-10,2.389228e-03
-5.40000e-01,1.294025e-09,1.918372e-04,1.004940e-09,2.007122e-04,8.084663e-10,3.202625e-04,1.544934e-10,2.391362e-03
-5.25000e-01,1.243789e-09,1.664130e-04,9.716972e-10,1.764573e-04,8.189782e-10,2.947872e-04,1.560729e-10,2.391550e-03
-5.10000e-01,1.442209e-09,1.438281e-04,9.746058e-10,1.535104e-04,8.280513e-10,2.722196e-04,1.577452e-10,2.389972e-03
-4.95000e-01,1.210283e-09,1.243997e-04,9.528853e-10,1.317289e-04,8.342046e-10,2.510600e-04,1.591909e-10,2.388968e-03
-4.80000e-01,1.281290e-09,1.067809e-04,9.602772e-10,1.139227e-04,8.400085e-10,2.314979e-04,1.606998e-10,2.387267e-03
-4.65000e-01,1.213783e-09,9.170084e-05,9.553774e-10,9.754842e-05,8.445517e-10,2.150715e-04,1.622649e-10,2.383340e-03
-4.50000e-01,1.231978e-09,7.814194e-05,9.558216e-10,8.233818e-05,8.481491e-10,2.005150e-04,1.634481e-10,2.378921e-03
-4.35000e-01,1.073736e-09,6.612705e-05,9.417200e-10,7.068452e-05,8.486464e-10,1.864728e-04,1.647348e-10,2.377823e-03
-4.20000e-01,1.071489e-09,5.510310e-05,9.377554e-10,5.885056e-05,8.511573e-10,1.750476e-04,1.656201e-10,2.375693e-03
-4.05000e-01,1.057403e-09,4.587016e-05,9.353461e-10,5.026969e-05,8.518115e-10,1.637924e-04,1.674909e-10,2.370225e-03
-3.90000e-01,1.044533e-09,3.828119e-05,9.217737e-10,4.138385e-05,8.507773e-10,1.534988e-04,1.682124e-10,2.366179e-03
-3.75000e-01,1.001857e-09,3.126412e-05,9.131753e-10,3.474525e-05,8.500170e-10,1.455455e-04,1.692652e-10,2.362495e-03
-3.60000e-01,9.833069e-10,2.594504e-05,9.059656e-10,2.783229e-05,8.483731e-10,1.391406e-04,1.703380e-10,2.357239e-03
-3.45000e-01,9.568706e-10,2.126219e-05,9.009665e-10,2.347140e-05,8.455352e-10,1.325023e-04,1.717009e-10,2.352569e-03
-3.30000e-01,9.600818e-10,1.681262e-05,8.904207e-10,1.867853e-05,8.441870e-10,1.273492e-04,1.722273e-10,2.347935e-03
-3.15000e-01,9.680733e-10,1.364764e-05,8.894206e-10,1.525066e-05,8.414213e-10,1.222440e-04,1.734517e-10,2.344556e-03
-3.00000e-01,9.295471e-10,1.040725e-05,8.815453e-10,1.254820e-05,8.381186e-10,1.180029e-04,1.741636e-10,2.339569e-03
-2.85000e-01,8.844545e-10,8.423084e-06,8.833520e-10,9.580029e-06,8.340507e-10,1.147730e-04,1.751513e-10,2.335070e-03
-2.70000e-01,9.098688e-10,6.057930e-06,8.837059e-10,7.493468e-06,8.307169e-10,1.111512e-04,1.757514e-10,2.327411e-03
-2.55000e-01,8.976335e-10,4.617425e-06,8.683720e-10,6.300601e-06,8.274986e-10,1.081616e-04,1.769374e-10,2.322732e-03
-2.40000e-01,8.523567e-10,3.418505e-06,8.631261e-10,5.083195e-06,8.233386e-10,1.068513e-04,1.774611e-10,2.318969e-03
-2.25000e-01,8.816906e-10,2.877985e-06,8.569693e-10,3.410691e-06,8.191010e-10,1.042040e-04,1.784145e-10,2.313087e-03
-2.10000e-01,8.896457e-10,1.959811e-06,8.535632e-10,3.318009e-06,8.155916e-10,1.028066e-04,1.792948e-10,2.309424e-03
-1.95000e-01,8.777239e-10,1.394294e-06,8.433516e-10,2.765218e-06,8.104055e-10,1.008420e-04,1.796348e-10,2.302991e-03
-1.80000e-01,8.187540e-10,1.219343e-06,8.479907e-10,2.169411e-06,8.064835e-10,9.900299e-05,1.804531e-10,2.298684e-03
-1.65000e-01,8.750946e-10,7.892158e-07,8.411531e-10,1.986678e-06,8.027209e-10,9.768455e-05,1.815336e-10,2.290241e-03
-1.50000e-01,8.072245e-10,3.797156e-07,8.346375e-10,1.700916e-06,7.985144e-10,9.600425e-05,1.820555e-10,2.288252e-03
-1.35000e-01,8.596590e-10,2.735051e-07,8.350302e-10,1.527589e-06,7.946473e-10,9.547114e-05,1.825046e-10,2.280318e-03
-1.20000e-01,8.718498e-10,5.993169e-07,8.284093e-10,1.509206e-06,7.899523e-10,9.462655e-05,1.833748e-10,2.275629e-03
-1.05000e-01,8.348836e-10,1.707292e-07,8.137164e-10,1.413585e-06,7.867260e-10,9.256280e-05,1.840894e-10,2.269194e-03
-9.00000e-02,8.688428e-10,1.779720e-07,8.213920e-10,1.609415e-06,7.813232e-10,9.230544e-05,1.849795e-10,2.264229e-03
-7.50000e-02,8.307662e-10,7.755272e-08,8.105699e-10,1.733893e-06,7.782558e-10,9.099359e-05,1.853977e-10,2.261600e-03
-6.00000e-02,8.080072e-10,-2.225632e-07,8.016781e-10,1.345087e-06,7.739135e-10,9.002422e-05,1.859948e-10,2.252772e-03
-4.50000e-02,8.210680e-10,1.426815e-07,8.034505e-10,1.379233e-06,7.710532e-10,8.913943e-05,1.865743e-10,2.252326e-03
-3.00000e-02,8.314094e-10,-2.238945e-08,7.964956e-10,1.205967e-06,7.677136e-10,8.804181e-05,1.870427e-10,2.246554e-03
-1.50000e-02,8.129062e-10,1.200858e-07,7.964762e-10,1.086151e-06,7.639434e-10,8.739611e-05,1.878219e-10,2.242474e-03
0.00000e+00,8.184159e-10,2.495388e-07,7.954243e-10,8.101387e-07,7.601919e-10,8.663025e-05,1.884842e-10,2.232605e-03
1.50000e-02,8.086009e-10,1.409280e-07,7.871606e-10,1.001639e-06,7.569873e-10,8.616462e-05,1.889489e-10,2.229678e-03
3.00000e-02,8.347286e-10,2.505425e-08,7.857718e-10,1.341983e-06,7.538095e-10,8.443168e-05,1.895576e-10,2.224149e-03
4.50000e-02,8.027981e-10,-2.276743e-07,7.740840e-10,9.796958e-07,7.498951e-10,8.377145e-05,1.902972e-10,2.220131e-03
6.00000e-02,7.715194e-10,2.608600e-08,7.691578e-10,7.198248e-07,7.465535e-10,8.321680e-05,1.908680e-10,2.214501e-03
7.50000e-02,7.592923e-10,1.703633e-07,7.695102e-10,1.241580e-06,7.428070e-10,8.232957e-05,1.911328e-10,2.209459e-03
9.00000e-02,8.155559e-10,-2.096639e-07,7.691300e-10,7.178155e-07,7.390555e-10,8.139689e-05,1.914337e-10,2.205104e-03
1.05000e-01,7.808395e-10,1.066186e-07,7.594995e-10,1.114021e-06,7.366236e-10,8.040244e-05,1.924580e-10,2.200476e-03
1.20000e-01,7.896125e-10,-1.101580e-08,7.601392e-10,1.055953e-06,7.331873e-10,7.982051e-05,1.936226e-10,2.195683e-03
1.35000e-01,7.762201e-10,1.827382e-08,7.579690e-10,6.915823e-07,7.293195e-10,7.966188e-05,1.935279e-10,2.188759e-03
1.50000e-01,7.875973e-10,-1.654856e-07,7.473406e-10,1.341221e-06,7.276365e-10,7.855625e-05,1.941083e-10,2.185852e-03
1.65000e-01,7.381600e-10,9.799878e-08,7.463357e-10,8.667600e-07,7.230964e-10,7.807632e-05,1.945947e-10,2.177187e-03
1.80000e-01,7.813574e-10,-2.225923e-07,7.460866e-10,9.323870e-07,7.203146e-10,7.766936e-05,1.948705e-10,2.175439e-03
1.95000e-01,7.148128e-10,-2.588460e-07,7.446326e-10,1.069724e-06,7.170285e-10,7.753359e-05,1.955014e-10,2.169629e-03
2.10000e-01,7.485003e-10,3.462457e-07,7.396706e-10,6.975412e-07,7.145476e-10,7.617061e-05,1.960885e-10,2.164529e-03
2.25000e-01,8.108247e-10,1.544413e-07,7.376729e-10,1.091602e-06,7.120748e-10,7.516096e-05,1.968794e-10,2.161290e-03
2.40000e-01,7.373824e-10,-3.392382e-09,7.322294e-10,9.680730e-07,7.083608e-10,7.550880e-05,1.968721e-10,2.154720e-03
2.55000e-01,7.402017e-10,-1.196803e-07,7.297702e-10,1.271492e-06,7.060046e-10,7.419799e-05,1.972929e-10,2.148968e-03
2.70000e-01,7.459774e-10,3.280385e-07,7.265755e-10,1.239698e-06,7.032527e-10,7.312173e-05,1.976688e-10,2.143858e-03
2.85000e-01,7.151562e-10,1.294334e-07,7.223652e-10,5.407662e-07,7.002491e-10,7.274448e-05,1.980340e-10,2.139024e-03
3.00000e-01,7.338068e-10,-2.154356e-08,7.227932e-10,1.030430e-06,6.966774e-10,7.229768e-05,1.989722e-10,2.135100e-03
3.15000e-01,7.202404e-10,-3.046269e-08,7.208322e-10,3.740362e-07,6.929373e-10,7.278907e-05,1.994416e-10,2.132702e-03
3.30000e-01,7.323875e-10,1.699105e-07,7.151668e-10,5.540298e-07,6.916817e-10,7.121882e-05,1.999114e-10,2.125130e-03
3.45000e-01,7.059071e-10,3.300351e-07,7.079372e-10,1.068626e-06,6.891683e-10,7.085879e-05,1.997957e-10,2.120568e-03
3.60000e-01,6.913556e-10,1.470684e-07,7.029268e-10,1.151156e-06,6.858703e-10,7.040189e-05,2.004482e-10,2.116450e-03
3.75000e-01,7.242479e-10,-9.291772e-08,7.089590e-10,7.847569e-07,6.838701e-10,6.912555e-05,2.010361e-10,2.113262e-03
3.90000e-01,6.861853e-10,-2.875119e-07,7.023437e-10,9.643246e-07,6.807012e-10,6.896489e-05,2.013683e-10,2.107209e-03
4.05000e-01,7.322932e-10,1.015060e-07,6.978948e-10,7.873790e-07,6.794834e-10,6.872295e-05,2.020259e-10,2.103828e-03
4.20000e-01,7.174595e-10,3.538845e-07,6.948240e-10,1.035782e-06,6.767727e-10,6.784032e-05,2.023664e-10,2.099889e-03
4.35000e-01,7.378451e-10,2.778661e-07,6.901751e-10,8.263884e-07,6.745159e-10,6.744287e-05,2.026841e-10,2.094934e-03
4.50000e-01,7.164146e-10,1.560082e-07,6.899406e-10,7.693079e-07,6.709358e-10,6.678757e-05,2.033304e-10,2.091791e-03
4.65000e-01,7.161207e-10,5.635015e-08,6.927213e-10,5.203513e-07,6.683018e-10,6.601316e-05,2.036357e-10,2.085979e-03
4.80000e-01,6.920112e-10,1.591316e-07,6.837254e-10,2.382200e-07,6.663999e-10,6.580351e-05,2.037930e-10,2.080132e-03
4.95000e-01,6.796184e-10,1.566820e-07,6.838554e-10,3.113709e-07,6.641616e-10,6.538308e-05,2.045394e-10,2.077195e-03
5.10000e-01,7.016067e-10,1.006627e-07,6.838333e-10,7.335762e-07,6.612628e-10,6.502218e-05,2.042596e-10,2.072137e-03
5.25000e-01,7.161748e-10,-1.250423e-07,6.753973e-10,1.177032e-06,6.592481e-10,6.419022e-05,2.051897e-10,2.067740e-03
5.40000e-01,6.866400e-10,1.704459e-09,6.720122e-10,8.931515e-07,6.560589e-10,6.410016e-05,2.053300e-10,2.060200e-03
5.55000e-01,6.520540e-10,7.728210e-08,6.748619e-10,8.211555e-07,6.541747e-10,6.355696e-05,2.058220e-10,2.056573e-03
5.70000e-01,6.986201e-10,3.879799e-08,6.749691e-10,7.985464e-07,6.527910e-10,6.332294e-05,2.061300e-10,2.050772e-03
5.85000e-01,7.005822e-10,4.109912e-08,6.675737e-10,1.260446e-06,6.502612e-10,6.283501e-05,2.061869e-10,2.050926e-03
6.00000e-01,6.464361e-10,9.945734e-08,6.617296e-10,5.696489e-07,6.475743e-10,6.229224e-05,2.068320e-10,2.046174e-03
6.15000e-01,6.741796e-10,2.198632e-07,6.654182e-10,8.108927e-07,6.461844e-10,6.224844e-05,2.070743e-10,2.041289e-03
6.30000e-01,6.781333e-10,-1.701742e-07,6.654315e-10,7.560661e-07,6.434698e-10,6.147619e-05,2.069155e-10,2.036382e-03
6.45000e-01,6.539798e-10,3.700583e-07,6.585847e-10,5.453848e-07,6.414356e-10,6.129719e-05,2.078490e-10,2.031412e-03
6.60000e-01,7.153753e-10,-1.265502e-07,6.520429e-10,6.944352e-07,6.390328e-10,6.063691e-05,2.081879e-10,2.028664e-03
6.75000e-01,6.609184e-10,1.872811e-07,6.487823e-10,4.246465e-07,6.368713e-10,5.971881e-05,2.087349e-10,2.024513e-03
6.90000e-01,6.605527e-10,3.330118e-07,6.534533e-10,8.761892e-07,6.356716e-10,6.016095e-05,2.094032e-10,2.020496e-03
7.05000e-01,6.910542e-10,8.951682e-08,6.527517e-10,4.562251e-07,6.328462e-10,5.876485e-05,2.096315e-10,2.013284e-03
7.20000e-01,6.966497e-10,9.064886e-08,6.514982e-10,8.153434e-07,6.298265e-10,5.922263e-05,2.094320e-10,2.009691e-03
7.35000e-01,6.514710e-10,3.966933e-08,6.477218e-10,9.226045e-07,6.278500e-10,5.865592e-05,2.097405e-10,2.005971e-03
7.50000e-01,6.463823e-10,9.698481e-10,6.365580e-10,1.026923e-06,6.277814e-10,5.851880e-05,2.103567e-10,2.002268e-03
7.65000e-01,6.562869e-10,2.273813e-08,6.415654e-10,4.205459e-07,6.247559e-10,5.773103e-05,2.106870e-10,1.999598e-03
7.80000e-01,6.613322e-10,3.990718e-07,6.395485e-10,4.846967e-07,6.220267e-10,5.723240e-05,2.104317e-10,1.992617e-03
7.95000e-01,6.698260e-10,1.084778e-07,6.433077e-10,9.535060e-07,6.203438e-10,5.685923e-05,2.112350e-10,1.989262e-03
8.10000e-01,6.882717e-10,-3.021309e-08,6.375434e-10,4.478622e-07,6.188762e-10,5.658465e-05,2.113585e-10,1.983518e-03
8.25000e-01,6.164505e-10,3.163780e-08,6.332552e-10,6.966368e-07,6.169937e-10,5.587390e-05,2.112315e-10,1.980299e-03
8.40000e-01,6.069553e-10,4.981472e-08,6.246394e-10,5.402320e-07,6.138737e-10,5.546100e-05,2.117933e-10,1.978325e-03
8.55000e-01,6.710629e-10,2.033780e-07,6.302690e-10,1.107850e-06,6.134820e-10,5.549379e-05,2.119372e-10,1.973963e-03
8.70000e-01,6.549791e-10,-1.825186e-07,6.266531e-10,6.961459e-07,6.105816e-10,5.489337e-05,2.127913e-10,1.968416e-03
8.85000e-01,6.261965e-10,-1.844762e-07,6.263891e-10,6.338259e-07,6.100281e-10,5.456223e-05,2.126088e-10,1.962872e-03
9.00000e-01,6.695396e-10,1.264028e-07,6.233464e-10,5.092356e-07,6.084578e-10,5.463457e-05,2.127145e-10,1.962432e-03
9.15000e-01,6.605710e-10,1.732354e-07,6.234864e-10,6.235630e-07,6.062191e-10,5.393527e-05,2.133181e-10,1.953655e-03
9.30000e-01,6.485943e-10,-1.451094e-07,6.112214e-10,7.984660e-07,6.049675e-10,5.378077e-05,2.135235e-10,1.953081e-03
9.45000e-01,5.756436e-10,1.226308e-07,6.166829e-10,8.644327e-07,6.020812e-10,5.355637e-05,2.139292e-10,1.947783e-03
9.60000e-01,6.199927e-10,-3.192351e-09,6.182216e-10,9.013295e-07,6.015395e-10,5.306439e-05,2.144283e-10,1.946091e-03
9.75000e-01,6.326053e-10,-3.508794e-07,6.110754e-10,8.056931e-07,5.977350e-10,5.288937e-05,2.144254e-10,1.940486e-03
9.90000e-01,6.122800e-10,1.378169e-07,6.174188e-10,7.222248e-07,5.968348e-10,5.268437e-05,2.144556e-10,1.939142e-03
1.00500e+00,6.389791e-10,-1.067877e-07,6.124188e-10,3.229687e-07,5.948308e-10,5.257091e-05,2.144291e-10,1.931827e-03
1.02000e+00,6.252514e-10,2.963296e-08,6.087261e-10,3.949113e-07,5.932541e-10,5.207990e-05,2.147716e-10,1.928778e-03
1.03500e+00,6.282737e-10,2.245980e-07,6.015951e-10,9.041834e-07,5.915586e-10,5.120495e-05,2.148330e-10,1.923078e-03
1.05000e+00,6.025164e-10,2.805717e-07,6.094684e-10,4.747842e-07,5.900674e-10,5.114782e-05,2.156237e-10,1.920891e-03
1.06500e+00,6.093589e-10,3.524910e-08,6.033678e-10,6.183292e-07,5.892409e-10,5.113250e-05,2.154975e-10,1.918706e-03
1.08000e+00,6.460599e-10,-7.705231e-08,6.025507e-10,7.837310e-07,5.869703e-10,5.081708e-05,2.158270e-10,1.913184e-03
1.09500e+00,6.091298e-10,-9.494519e-08,6.022202e-10,7.018684e-07,5.858315e-10,5.074025e-05,2.161474e-10,1.908847e-03
1.11000e+00,6.014630e-10,5.877634e-08,5.981899e-10,8.953577e-07,5.838030e-10,5.030106e-05,2.164422e-10,1.906588e-03
1.12500e+00,5.982964e-10,1.333437e-07,5.946131e-10,9.228439e-07,5.823279e-10,5.021943e-05,2.169711e-10,1.903734e-03
1.14000e+00,6.004768e-10,-1.295447e-07,5.932911e-10,4.180705e-07,5.801873e-10,4.972371e-05,2.166963e-10,1.895740e-03
1.15500e+00,5.902353e-10,-9.003303e-08,5.929414e-10,5.219233e-07,5.785098e-10,4.945800e-05,2.172369e-10,1.893007e-03
1.17000e+00,6.147877e-10,-6.596740e-08,5.914411e-10,7.203364e-07,5.770687e-10,4.899747e-05,2.169026e-10,1.893140e-03
1.18500e+00,5.930128e-10,1.692842e-08,5.866196e-10,5.102497e-07,5.753913e-10,4.918522e-05,2.174463e-10,1.887029e-03
1.20000e+00,6.063139e-10,2.659914e-08,5.914441e-10,6.884259e-07,5.738409e-10,4.880955e-05,2.177123e-10,1.881876e-03
1.21500e+00,5.914187e-10,-2.472158e-07,5.804894e-10,4.362635e-07,5.733202e-10,4.841395e-05,2.177868e-10,1.878695e-03
1.23000e+00,5.665614e-10,-8.196039e-08,5.843089e-10,7.642327e-07,5.708952e-10,4.799092e-05,2.182950e-10,1.873932e-03
1.24500e+00,6.242246e-10,2.412939e-07,5.797453e-10,7.186040e-07,5.700110e-10,4.793621e-05,2.186277e-10,1.871053e-03
1.26000e+00,5.902122e-10,2.975507e-07,5.816803e-10,5.250353e-07,5.685043e-10,4.801199e-05,2.185221e-10,1.867683e-03
1.27500e+00,6.067509e-10,-1.896255e-07,5.831913e-10,5.741210e-07,5.672888e-10,4.712971e-05,2.185745e-10,1.864316e-03
1.29000e+00,6.475364e-10,1.639111e-07,5.779378e-10,6.036170e-07,5.653381e-10,4.684202e-05,2.188848e-10,1.861765e-03
1.30500e+00,5.795148e-10,-1.737019e-07,5.768800e-10,5.188519e-07,5.642019e-10,4.677033e-05,2.193567e-10,1.857562e-03
1.32000e+00,5.649774e-10,5.900490e-08,5.688473e-10,7.910321e-07,5.616861e-10,4.640902e-05,2.193474e-10,1.853437e-03
1.33500e+00,5.981690e-10,1.764503e-07,5.726483e-10,7.479309e-07,5.607872e-10,4.649529e-05,2.193046e-10,1.850144e-03
1.35000e+00,6.573871e-10,3.254356e-07,5.680508e-10,3.422402e-07,5.590416e-10,4.603992e-05,2.194089e-10,1.843156e-03
1.36500e+00,5.875577e-10,1.976123e-07,5.615350e-10,6.636764e-07,5.592674e-10,4.608716e-05,2.199848e-10,1.843929e-03
1.38000e+00,6.004204e-10,1.482026e-07,5.678746e-10,3.182842e-07,5.570387e-10,4.528660e-05,2.198644e-10,1.838532e-03
1.39500e+00,6.045261e-10,2.006413e-07,5.644710e-10,3.536670e-07,5.552593e-10,4.519829e-05,2.205748e-10,1.835119e-03
1.41000e+00,5.222395e-10,-1.386514e-07,5.657159e-10,5.550641e-07,5.533685e-10,4.536327e-05,2.203122e-10,1.830476e-03
1.42500e+00,6.016507e-10,1.190882e-07,5.603900e-10,3.991671e-07,5.526652e-10,4.479652e-05,2.205218e-10,1.825444e-03
1.44000e+00,5.715753e-10,-2.190786e-07,5.615325e-10,5.990738e-07,5.522250e-10,4.492325e-05,2.201787e-10,1.823747e-03
1.45500e+00,5.929822e-10,1.584205e-07,5.569112e-10,3.600206e-07,5.498185e-10,4.472563e-05,2.212738e-10,1.819640e-03
1.47000e+00,5.626719e-10,5.243338e-08,5.657534e-10,5.474155e-07,5.482483e-10,4.395596e-05,2.209595e-10,1.817563e-03
1.48500e+00,5.947330e-10,2.603229e-07,5.543019e-10,6.328865e-07,5.471960e-10,4.456133e-05,2.214687e-10,1.816933e-03
1.50000e+00,5.439711e-10,-6.003373e-08,5.555420e-10,8.435593e-07,5.456944e-10,4.395336e-05,2.213748e-10,1.812957e-03
1.51500e+00,5.391380e-10,-7.675955e-08,5.500713e-10,6.559886e-07,5.452334e-10,4.340010e-05,2.214258e-10,1.805268e-03
1.53000e+00,5.534571e-10,1.539313e-07,5.473999e-10,1.435319e-07,5.440844e-10,4.324249e-05,2.214104e-10,1.804272e-03
1.54500e+00,5.974581e-10,1.064872e-07,5.570353e-10,8.469321e-07,5.417400e-10,4.347985e-05,2.216874e-10,1.798042e-03
1.56000e+00,5.946176e-10,-2.385250e-08,5.485785e-10,3.411432e-07,5.403187e-10,4.316631e-05,2.217720e-10,1.797449e-03
1.57500e+00,5.795245e-10,-1.900189e-07,5.546081e-10,4.947798e-07,5.398837e-10,4.283288e-05,2.220730e-10,1.794460e-03
1.59000e+00,5.356971e-10,2.661642e-07,5.584330e-10,7.193138e-07,5.375997e-10,4.257133e-05,2.217879e-10,1.792359e-03
1.60500e+00,5.454413e-10,6.859688e-08,5.509905e-10,4.947199e-07,5.368216e-10,4.280575e-05,2.226816e-10,1.788279e-03
1.62000e+00,5.247746e-10,2.342819e-07,5.455493e-10,7.447333e-07,5.357899e-10,4.225806e-05,2.230780e-10,1.781771e-03
1.63500e+00,5.627726e-10,-8.744386e-08,5.422554e-10,8.850566e-07,5.347229e-10,4.169170e-05,2.223648e-10,1.779436e-03
1.65000e+00,5.317259e-10,1.240215e-07,5.469836e-10,7.056379e-07,5.337026e-10,4.164037e-05,2.226790e-10,1.776992e-03
1.66500e+00,5.615245e-10,-1.223614e-10,5.437301e-10,8.402814e-07,5.327196e-10,4.130543e-05,2.229379e-10,1.776915e-03
1.68000e+00,5.734809e-10,-1.143378e-07,5.443916e-10,7.987814e-07,5.310080e-10,4.110360e-05,2.228256e-10,1.769571e-03
1.69500e+00,5.511137e-10,-3.900404e-08,5.483728e-10,7.152217e-07,5.298159e-10,4.075003e-05,2.234972e-10,1.765744e-03
1.71000e+00,5.757581e-10,-1.357596e-07,5.413631e-10,5.335181e-07,5.285694e-10,4.050666e-05,2.231349e-10,1.765554e-03
1.72500e+00,5.377304e-10,-6.789371e-08,5.335533e-10,9.311948e-07,5.267213e-10,4.066287e-05,2.235441e-10,1.759328e-03
1.74000e+00,5.333809e-10,2.959302e-07,5.351331e-10,4.669214e-07,5.254651e-10,4.038961e-05,2.238146e-10,1.757625e-03
1.75500e+00,5.294524e-10,-1.745186e-07,5.333381e-10,2.027509e-07,5.242348e-10,3.985944e-05,2.233801e-10,1.752517e-03
1.77000e+00,5.426352e-10,-2.276711e-07,5.281462e-10,6.703821e-07,5.242795e-10,3.989036e-05,2.242008e-10,1.752120e-03
1.78500e+00,5.196772e-10,-1.705427e-07,5.234618e-10,5.836002e-07,5.229445e-10,3.991388e-05,2.240577e-10,1.747631e-03
1.80000e+00,5.360609e-10,3.896490e-08,5.287046e-10,4.977768e-07,5.222921e-10,4.030113e-05,2.237971e-10,1.742531e-03
1.81500e+00,5.725000e-10,2.058409e-07,5.320467e-10,8.382240e-08,5.198945e-10,3.971358e-05,2.242982e-10,1.741622e-03
1.83000e+00,5.442026e-10,2.289798e-07,5.256385e-10,9.718016e-07,5.188561e-10,3.906388e-05,2.246841e-10,1.736667e-03
1.84500e+00,5.458092e-10,2.237242e-07,5.316367e-10,5.877656e-07,5.174508e-10,3.934907e-05,2.245079e-10,1.735594e-03
1.86000e+00,5.089444e-10,-1.324841e-07,5.205004e-10,9.517636e-07,5.168230e-10,3.877331e-05,2.245814e-10,1.730485e-03
1.87500e+00,5.266875e-10,2.176022e-07,5.251790e-10,2.190571e-07,5.169760e-10,3.857676e-05,2.247427e-10,1.728140e-03
1.89000e+00,5.002446e-10,-1.406301e-07,5.250577e-10,5.520593e-07,5.144654e-10,3.868071e-05,2.247617e-10,1.725320e-03
1.90500e+00,5.633972e-10,4.129985e-07,5.266995e-10,9.804785e-07,5.137955e-10,3.832327e-05,2.250789e-10,1.722323e-03
1.92000e+00,5.496855e-10,-2.143239e-07,5.216196e-10,6.114574e-07,5.125396e-10,3.842677e-05,2.252632e-10,1.719590e-03
1.93500e+00,5.329803e-10,2.736793e-07,5.215126e-10,4.455048e-07,5.119257e-10,3.811717e-05,2.254781e-10,1.714207e-03
1.95000e+00,5.103030e-10,2.390891e-07,5.211561e-10,2.897231e-07,5.105455e-10,3.775390e-05,2.250057e-10,1.711836e-03
1.96500e+00,5.711446e-10,1.306483e-07,5.198059e-10,7.639517e-07,5.089459e-10,3.808785e-05,2.257191e-10,1.709443e-03
1.98000e+00,5.464298e-10,1.652292e-07,5.221492e-10,9.267760e-07,5.082161e-10,3.777317e-05,2.256646e-10,1.706847e-03
1.99500e+00,5.197267e-10,7.307852e-08,5.159556e-10,4.961793e-07,5.072555e-10,3.756983e-05,2.256957e-10,1.702345e-03
2.01000e+00,5.163262e-10,9.106756e-09,5.162886e-10,9.397012e-08,5.067953e-10,3.719331e-05,2.258214e-10,1.700764e-03
2.02500e+00,5.325738e-10,4.311546e-08,5.129008e-10,3.861846e-08,5.052019e-10,3.759174e-05,2.258628e-10,1.697949e-03
2.04000e+00,5.345063e-10,-4.348332e-08,5.151329e-10,4.335902e-07,5.048914e-10,3.715929e-05,2.258049e-10,1.692817e-03
2.05500e+00,5.116719e-10,1.152099e-07,5.096033e-10,5.659608e-07,5.033459e-10,3.639984e-05,2.258276e-10,1.691199e-03
2.07000e+00,5.136493e-10,-6.094450e-08,5.083652e-10,3.849574e-07,5.027762e-10,3.684318e-05,2.255510e-10,1.691390e-03
2.08500e+00,5.488149e-10,6.252623e-08,5.096445e-10,1.134722e-07,5.007490e-10,3.685462e-05,2.261847e-10,1.682521e-03
2.10000e+00,5.424025e-10,6.800708e-08,5.131504e-10,5.859566e-07,5.006902e-10,3.639451e-05,2.262801e-10,1.679862e-03
2.11500e+00,4.914888e-10,-9.545422e-08,5.090804e-10,6.615953e-07,4.988738e-10,3.630205e-05,2.260701e-10,1.678923e-03
2.13000e+00,4.908465e-10,5.685876e-08,5.064696e-10,7.107963e-07,4.975900e-10,3.640687e-05,2.263510e-10,1.674253e-03
2.14500e+00,5.468737e-10,1.332988e-07,5.093999e-10,5.196328e-07,4.966186e-10,3.653983e-05,2.266082e-10,1.673297e-03
2.16000e+00,4.902244e-10,5.568482e-08,5.018644e-10,5.731446e-07,4.959000e-10,3.608484e-05,2.263520e-10,1.667553e-03
2.17500e+00,5.781512e-10,1.908231e-07,5.058011e-10,9.587709e-07,4.950348e-10,3.592107e-05,2.261514e-10,1.664801e-03
2.19000e+00,5.578841e-10,-1.450848e-07,5.077112e-10,5.557337e-07,4.947951e-10,3.534043e-05,2.269609e-10,1.662432e-03
2.20500e+00,5.307307e-10,4.506534e-08,5.083378e-10,6.873505e-07,4.936079e-10,3.570733e-05,2.268148e-10,1.658792e-03
2.22000e+00,5.434576e-10,1.737571e-07,5.044873e-10,4.269350e-07,4.916456e-10,3.540126e-05,2.265312e-10,1.657485e-03
2.23500e+00,4.986045e-10,-1.147466e-08,4.989225e-10,7.070930e-07,4.918033e-10,3.531493e-05,2.270779e-10,1.657483e-03
2.25000e+00,5.271841e-10,7.581463e-08,5.002332e-10,6.009573e-07,4.904659e-10,3.527982e-05,2.270406e-10,1.648414e-03
2.26500e+00,4.678087e-10,-5.209611e-09,4.983787e-10,4.255734e-07,4.902070e-10,3.490362e-05,2.272679e-10,1.649552e-03
2.28000e+00,4.895621e-10,7.835617e-08,4.955158e-10,2.855659e-07,4.890447e-10,3.481715e-05,2.271420e-10,1.644308e-03
2.29500e+00,4.921510e-10,3.867202e-07,4.976397e-10,3.573704e-07,4.881822e-10,3.493919e-05,2.273182e-10,1.645759e-03
2.31000e+00,5.022393e-10,2.646889e-07,4.968987e-10,2.040908e-07,4.875808e-10,3.451855e-05,2.269899e-10,1.641285e-03
2.32500e+00,5.055764e-10,2.419175e-08,4.885498e-10,2.116153e-07,4.854691e-10,3.504076e-05,2.276664e-10,1.639002e-03
2.34000e+00,4.817219e-10,2.412315e-08,4.997421e-10,6.565308e-07,4.842237e-10,3.447789e-05,2.278848e-10,1.635053e-03
2.35500e+00,4.974323e-10,1.829018e-07,4.952248e-10,3.611356e-07,4.836350e-10,3.392070e-05,2.277762e-10,1.632379e-03
2.37000e+00,4.781711e-10,2.110915e-07,4.901565e-10,6.817147e-07,4.832599e-10,3.429291e-05,2.275820e-10,1.630688e-03
2.38500e+00,4.991241e-10,-1.169068e-08,4.901103e-10,4.110856e-09,4.826270e-10,3.432772e-05,2.273345e-10,1.625424e-03
2.40000e+00,4.968881e-10,1.704357e-07,4.893733e-10,5.472267e-07,4.813897e-10,3.387259e-05,2.276382e-10,1.622120e-03
2.41500e+00,5.254902e-10,-1.661035e-07,4.907882e-10,1.018921e-06,4.795409e-10,3.354019e-05,2.277065e-10,1.620327e-03
2.43000e+00,4.623823e-10,2.370549e-07,4.878041e-10,3.379739e-07,4.785923e-10,3.348906e-05,2.277982e-10,1.617704e-03
2.44500e+00,4.988309e-10,-1.244611e-07,4.910686e-10,7.671287e-07,4.784320e-10,3.367305e-05,2.279340e-10,1.615823e-03
2.46000e+00,4.936511e-10,-7.329722e-08,4.849194e-10,3.207007e-07,4.780242e-10,3.347337e-05,2.279310e-10,1.615567e-03
2.47500e+00,4.623603e-10,-7.875806e-08,4.841618e-10,1.252074e-07,4.765470e-10,3.346602e-05,2.277226e-10,1.609708e-03
2.49000e+00,4.582556e-10,1.071616e-07,4.809543e-10,4.113965e-07,4.761874e-10,3.329482e-05,2.283319e-10,1.608317e-03
2.50500e+00,5.176364e-10,-4.552985e-09,4.798164e-10,6.664075e-07,4.746193e-10,3.301578e-05,2.280288e-10,1.605222e-03
2.52000e+00,5.202956e-10,2.252438e-07,4.830396e-10,5.216842e-07,4.743629e-10,3.315345e-05,2.280034e-10,1.601305e-03
2.53500e+00,4.956009e-10,-5.360642e-08,4.861814e-10,3.748773e-07,4.737334e-10,3.290790e-05,2.278990e-10,1.600133e-03
2.55000e+00,5.250311e-10,1.797334e-07,4.895557e-10,1.037251e-06,4.729441e-10,3.245332e-05,2.279729e-10,1.595225e-03
2.56500e+00,4.479858e-10,1.852836e-07,4.842027e-10,7.390307e-07,4.712800e-10,3.239673e-05,2.282459e-10,1.591799e-03
2.58000e+00,4.542789e-10,-6.965688e-09,4.854212e-10,4.100252e-07,4.718747e-10,3.248534e-05,2.279329e-10,1.590948e-03
2.59500e+00,5.129328e-10,9.111626e-08,4.797487e-10,8.192409e-07,4.693064e-10,3.221187e-05,2.279115e-10,1.587766e-03
2.61000e+00,4.823932e-10,-3.378562e-07,4.764162e-10,5.264352e-07,4.687125e-10,3.210496e-05,2.283842e-10,1.585004e-03
2.62500e+00,4.372103e-10,5.870256e-08,4.738543e-10,7.366317e-07,4.680878e-10,3.198882e-05,2.288149e-10,1.580743e-03
2.64000e+00,4.722182e-10,6.590990e-09,4.785452e-10,5.549927e-07,4.672309e-10,3.162914e-05,2.286247e-10,1.579501e-03
2.65500e+00,5.139323e-10,1.624939e-07,4.746148e-10,3.855700e-07,4.662159e-10,3.175334e-05,2.282341e-10,1.577352e-03
2.67000e+00,4.886799e-10,-1.590477e-07,4.662315e-10,4.942900e-07,4.660327e-10,3.189840e-05,2.285747e-10,1.571651e-03
2.68500e+00,4.863220e-10,1.974148e-07,4.781870e-10,3.197240e-07,4.654559e-10,3.140240e-05,2.286007e-10,1.570028e-03
2.70000e+00,4.481120e-10,-1.354881e-07,4.702728e-10,5.896453e-07,4.639941e-10,3.113964e-05,2.289317e-10,1.574491e-03
2.71500e+00,4.202641e-10,1.060599e-07,4.678331e-10,7.263079e-07,4.633281e-10,3.166733e-05,2.286745e-10,1.568622e-03
2.73000e+00,4.482714e-10,9.058218e-08,4.711331e-10,6.202999e-07,4.628194e-10,3.103235e-05,2.289328e-10,1.559876e-03
2.74500e+00,4.675456e-10,-3.500457e-07,4.650786e-10,1.706601e-07,4.620664e-10,3.137608e-05,2.289313e-10,1.561002e-03
2.76000e+00,4.539637e-10,-4.027835e-08,4.704577e-10,1.285072e-07,4.610964e-10,3.101192e-05,2.287292e-10,1.560705e-03
2.77500e+00,4.911380e-10,6.110299e-08,4.688652e-10,7.168491e-07,4.605494e-10,3.096713e-05,2.287090e-10,1.558050e-03
2.79000e+00,5.036410e-10,3.215880e-07,4.669092e-10,3.552358e-07,4.595635e-10,3.068674e-05,2.290675e-10,1.553497e-03
2.80500e+00,4.597277e-10,-4.361450e-08,4.646489e-10,3.154749e-07,4.592358e-10,3.110765e-05,2.296010e-10,1.550954e-03
2.82000e+00,4.666939e-10,-8.307939e-08,4.676287e-10,4.737672e-07,4.575945e-10,3.076094e-05,2.289571e-10,1.549584e-03
2.83500e+00,4.620018e-10,1.786705e-07,4.616427e-10,4.121690e-07,4.572878e-10,3.056400e-05,2.292448e-10,1.546518e-03
2.85000e+00,4.752065e-10,-7.103266e-08,4.630263e-10,3.924465e-07,4.564929e-10,3.020827e-05,2.290245e-10,1.544321e-03
2.86500e+00,5.081029e-10,1.888106e-11,4.655855e-10,-3.245293e-08,4.553543e-10,3.009531e-05,2.287978e-10,1.540648e-03
2.88000e+00,4.928082e-10,5.764084e-08,4.662087e-10,7.249604e-07,4.549116e-10,2.989782e-05,2.289492e-10,1.537149e-03
2.89500e+00,4.444441e-10,7.008497e-08,4.578884e-10,7.053902e-07,4.543149e-10,3.015677e-05,2.291717e-10,1.539071e-03
2.91000e+00,4.823328e-10,9.527120e-09,4.636387e-10,2.356455e-07,4.540159e-10,3.004588e-05,2.292152e-10,1.534425e-03
2.92500e+00,4.476323e-10,2.103402e-07,4.647279e-10,5.380430e-07,4.523693e-10,2.976169e-05,2.292197e-10,1.530824e-03
2.94000e+00,4.853646e-10,2.468627e-08,4.633000e-10,3.149056e-07,4.516558e-10,2.989998e-05,2.290255e-10,1.530198e-03
2.95500e+00,4.707717e-10,-2.953456e-07,4.566172e-10,6.545752e-07,4.511023e-10,2.965402e-05,2.291450e-10,1.526032e-03
2.97000e+00,4.631441e-10,1.920661e-07,4.591268e-10,4.888777e-07,4.501393e-10,2.908457e-05,2.289981e-10,1.523164e-03
2.98500e+00,4.999755e-10,-1.403340e-07,4.530182e-10,5.078867e-07,4.503196e-10,2.984636e-05,2.297373e-10,1.522364e-03
3.00000e+00,5.091391e-10,4.495693e-08,4.526115e-10,3.571324e-07,4.503508e-10,2.910426e-05,2.298942e-10,1.519346e-03